"SĄSKAITOS  (LT100000000000000001) IŠRAŠAS (UŽ LAIKOTARPĮ: 2026-08-29-2026-08-29)";
"DOK NR.";"DATA";"VALIUTA";"SUMA";"MOKĖTOJO ARBA GAVĖJO PAVADINIMAS";"MOKĖTOJO ARBA GAVĖJO IDENTIFIKACINIS KODAS";"SĄSKAITA";"KREDITO ĮSTAIGOS PAVADINIMAS";"KREDITO ĮSTAIGOS SWIFT KODAS";"MOKĖJIMO PASKIRTIS";"TRANSAKCIJOS KODAS";"DOKUMENTO DATA";"TRANSAKCIJOS TIPAS";"NUORODA";"DEBETAS/KREDITAS";"SUMA SĄSKAITOS VALIUTA";"SĄSKAITOS NR";"SĄSKAITOS VALIUTA";
"DP1000001";2026-08-29;"EUR";50,00;"VARDENIS PAVARDENIS";"";"LT100000000000000002";"AB SEB BANKAS";"CBVILT2X";"Withdraw money from savings deposit, dok. nr. DP1000001, operacijos nr. RO1000000001L01";"RO1000000001L01";2026-08-29;"PMNTICDTBOOK-Mokėjimas iš kaupiamojo indėlio sąskaitos";"";"D";50,00;"LT100000000000000002";"EUR";
"CLR10000001";2026-08-29;"EUR";22,23;"IKI EUROPA";"";"";"AB SEB BANKAS";"CBVILT2X";"28/08/2026 08:53 kortelė...000000 IKI EUROPA/VILNIUS/LTU #832000, dok. nr. CLR10000001, operacijos nr. RO1000000002L01";"RO1000000002L01";2026-08-28;"PMNTCCRDOTHR-Atsiskaitymas POS Debit MC Mylimiausia";"";"D";22,23;"LT100000000000000002";"EUR";
"CLR10000001";2026-08-29;"EUR";64,88;"LIDL/60175 LIDL ZALGIR";"";"";"AB SEB BANKAS";"CBVILT2X";"28/08/2026 19:17 kortelė...000000 LIDL/60175 LIDL ZALGIR/VILNIUS/LTU #869452, dok. nr. CLR10000001, operacijos nr. RO1000000003L01";"RO1000000003L01";2026-08-28;"PMNTCCRDOTHR-Atsiskaitymas POS Debit MC Mylimiausia";"";"D";64,88;"LT100000000000000002";"EUR";
"CLR10000002";2026-08-29;"EUR";26,35;"ALLE TIDERS!";"";"";"AB SEB BANKAS";"CBVILT2X";"28/08/2026 18:02 299.00 NOK(25.67 EUR + mokestis 0.68 EUR(2.65%)) kortelė...000000 ALLE TIDERS!/OSLO/NOR #468544, dok. nr. CLR10000002, operacijos nr. RO1000000004L01";"RO1000000004L01";2026-08-28;"PMNTCCRDOTHR-Atsiskaitymas POS Debit MC Mylimiausia";"";"D";26,35;"LT100000000000000002";"EUR";
"216200001";2026-08-29;"EUR";30,00;"Futbolo Sirgalių Klubas ""Pirmyn, Žaliai Balti""";"";"LT654010042400043925";"LUMINOR BANK AS LITHUANIAN BRANCH";"AGBLLT2X";"Mobile payment, dok. nr. 216200001, operacijos nr. RD300000001";"RD300000001";2026-08-29;"PMNTICDTESCT-Momentinis mokėjimas, lėšų nurašymas";"";"D";30,00;"LT100000000000000002";"EUR";
"SĄSKAITOS  (LT100000000000000003) IŠRAŠAS (UŽ LAIKOTARPĮ: 2026-08-29-2026-08-29)";
"DOK NR.";"DATA";"VALIUTA";"SUMA";"MOKĖTOJO ARBA GAVĖJO PAVADINIMAS";"MOKĖTOJO ARBA GAVĖJO IDENTIFIKACINIS KODAS";"SĄSKAITA";"KREDITO ĮSTAIGOS PAVADINIMAS";"KREDITO ĮSTAIGOS SWIFT KODAS";"MOKĖJIMO PASKIRTIS";"TRANSAKCIJOS KODAS";"DOKUMENTO DATA";"TRANSAKCIJOS TIPAS";"NUORODA";"DEBETAS/KREDITAS";"SUMA SĄSKAITOS VALIUTA";"SĄSKAITOS NR";"SĄSKAITOS VALIUTA";
"DP1000001";2026-08-29;"EUR";50,00;"VARDENIS PAVARDENIS";"";"LT100000000000000001";"AB SEB BANKAS";"CBVILT2X";"Withdraw money from savings deposit, dok. nr. DP1000001, operacijos nr. RO1000000001L02";"RO1000000001L02";2026-08-29;"PMNTRCDTBOOK-Mokėjimas iš kaupiamojo indėlio sąskaitos";"";"C";50,00;"LT100000000000000001";"EUR";
